,mean_fit_time,std_fit_time,mean_score_time,std_score_time,param_mlpclassifier__activation,param_mlpclassifier__alpha,param_mlpclassifier__learning_rate,param_mlpclassifier__solver,params,split0_test_score,split1_test_score,split2_test_score,split3_test_score,split4_test_score,split5_test_score,split6_test_score,split7_test_score,split8_test_score,split9_test_score,mean_test_score,std_test_score,rank_test_score
0,0.7432696342468261,0.1875727048962336,0.003026866912841797,0.0017864826163284078,logistic,1e-06,constant,lbfgs,"{'mlpclassifier__activation': 'logistic', 'mlpclassifier__alpha': 1e-06, 'mlpclassifier__learning_rate': 'constant', 'mlpclassifier__solver': 'lbfgs'}",0.8647504456327986,0.8723262032085561,0.8264260249554367,0.8368983957219251,0.8019162210338682,0.8643048128342246,0.8772281639928698,0.7963458110516934,0.8139483065953654,0.8293402000298552,0.8383484585056594,0.028194342422462708,115
1,4.568766260147095,0.27056826120616323,0.0022098064422607423,0.00020599983899221728,logistic,1e-06,constant,sgd,"{'mlpclassifier__activation': 'logistic', 'mlpclassifier__alpha': 1e-06, 'mlpclassifier__learning_rate': 'constant', 'mlpclassifier__solver': 'sgd'}",0.8464795008912656,0.8694295900178253,0.8110516934046346,0.8014705882352942,0.803698752228164,0.8311051693404634,0.8132798573975044,0.8108288770053476,0.838903743315508,0.8213912524257352,0.8247639024261743,0.020539046565070204,118
2,5.678732299804688,0.43504086541690595,0.002151179313659668,3.676783231507494e-05,logistic,1e-06,constant,adam,"{'mlpclassifier__activation': 'logistic', 'mlpclassifier__alpha': 1e-06, 'mlpclassifier__learning_rate': 'constant', 'mlpclassifier__solver': 'adam'}",0.8819073083778965,0.8845811051693404,0.8692067736185383,0.8823529411764706,0.8718805704099821,0.8464795008912656,0.9095365418894831,0.8163992869875223,0.85650623885918,0.8467681743543812,0.866561844173406,0.024706541938639484,37
3,0.6007325887680054,0.14299041623185946,0.0025473594665527343,0.001299111549139283,logistic,1e-06,adaptive,lbfgs,"{'mlpclassifier__activation': 'logistic', 'mlpclassifier__alpha': 1e-06, 'mlpclassifier__learning_rate': 'adaptive', 'mlpclassifier__solver': 'lbfgs'}",0.8647504456327986,0.8723262032085561,0.8264260249554367,0.8368983957219251,0.8019162210338682,0.8643048128342246,0.8772281639928698,0.7963458110516934,0.8139483065953654,0.8293402000298552,0.8383484585056594,0.028194342422462708,115
4,4.965334892272949,0.3093916058391524,0.002362489700317383,0.0007335671970011625,logistic,1e-06,adaptive,sgd,"{'mlpclassifier__activation': 'logistic', 'mlpclassifier__alpha': 1e-06, 'mlpclassifier__learning_rate': 'adaptive', 'mlpclassifier__solver': 'sgd'}",0.8413547237076648,0.8669786096256684,0.8110516934046346,0.8014705882352942,0.803698752228164,0.8235294117647058,0.8057040998217468,0.8108288770053476,0.838903743315508,0.8213912524257352,0.8224911751534469,0.019875418289119838,124
5,5.595135259628296,0.4540268715426931,0.0032185077667236327,0.0022544240963187027,logistic,1e-06,adaptive,adam,"{'mlpclassifier__activation': 'logistic', 'mlpclassifier__alpha': 1e-06, 'mlpclassifier__learning_rate': 'adaptive', 'mlpclassifier__solver': 'adam'}",0.8819073083778965,0.8845811051693404,0.8692067736185383,0.8823529411764706,0.8718805704099821,0.8464795008912656,0.9095365418894831,0.8163992869875223,0.85650623885918,0.8467681743543812,0.866561844173406,0.024706541938639484,37
6,0.5786019563674927,0.06984946404871459,0.0026895999908447266,0.0012727547624788607,logistic,1e-05,constant,lbfgs,"{'mlpclassifier__activation': 'logistic', 'mlpclassifier__alpha': 1e-05, 'mlpclassifier__learning_rate': 'constant', 'mlpclassifier__solver': 'lbfgs'}",0.8672014260249554,0.8723262032085561,0.8315508021390374,0.8520499108734403,0.8019162210338682,0.8643048128342246,0.874777183600713,0.7963458110516934,0.8112745098039216,0.8168383340797134,0.8388585214650123,0.029165589262267866,113
7,4.732199478149414,0.38684398005915754,0.0027716636657714845,0.0013437270009830663,logistic,1e-05,constant,sgd,"{'mlpclassifier__activation': 'logistic', 'mlpclassifier__alpha': 1e-05, 'mlpclassifier__learning_rate': 'constant', 'mlpclassifier__solver': 'sgd'}",0.8464795008912656,0.8694295900178253,0.8110516934046346,0.8014705882352942,0.803698752228164,0.8311051693404634,0.8132798573975044,0.8108288770053476,0.838903743315508,0.8213912524257352,0.8247639024261743,0.020539046565070204,118
8,6.392710208892822,0.6011181833766789,0.0021508455276489256,4.395924623984016e-05,logistic,1e-05,constant,adam,"{'mlpclassifier__activation': 'logistic', 'mlpclassifier__alpha': 1e-05, 'mlpclassifier__learning_rate': 'constant', 'mlpclassifier__solver': 'adam'}",0.8819073083778965,0.8845811051693404,0.8692067736185383,0.8823529411764706,0.8718805704099821,0.8464795008912656,0.9095365418894831,0.8239750445632799,0.8540552584670231,0.8467681743543812,0.8670743218917659,0.02335414022596627,33
9,0.6178770303726197,0.0805935690478851,0.003407931327819824,0.0018420058812167778,logistic,1e-05,adaptive,lbfgs,"{'mlpclassifier__activation': 'logistic', 'mlpclassifier__alpha': 1e-05, 'mlpclassifier__learning_rate': 'adaptive', 'mlpclassifier__solver': 'lbfgs'}",0.8672014260249554,0.8723262032085561,0.8315508021390374,0.8520499108734403,0.8019162210338682,0.8643048128342246,0.874777183600713,0.7963458110516934,0.8112745098039216,0.8168383340797134,0.8388585214650123,0.029165589262267866,113
10,5.128120708465576,0.4099955310282289,0.0028670787811279296,0.0014821066373741677,logistic,1e-05,adaptive,sgd,"{'mlpclassifier__activation': 'logistic', 'mlpclassifier__alpha': 1e-05, 'mlpclassifier__learning_rate': 'adaptive', 'mlpclassifier__solver': 'sgd'}",0.8413547237076648,0.8669786096256684,0.8110516934046346,0.8014705882352942,0.803698752228164,0.8235294117647058,0.8057040998217468,0.8108288770053476,0.838903743315508,0.8213912524257352,0.8224911751534469,0.019875418289119838,124
11,5.727934789657593,0.4983220041713174,0.003144526481628418,0.002146865644244153,logistic,1e-05,adaptive,adam,"{'mlpclassifier__activation': 'logistic', 'mlpclassifier__alpha': 1e-05, 'mlpclassifier__learning_rate': 'adaptive', 'mlpclassifier__solver': 'adam'}",0.8819073083778965,0.8845811051693404,0.8692067736185383,0.8823529411764706,0.8718805704099821,0.8464795008912656,0.9095365418894831,0.8239750445632799,0.8540552584670231,0.8467681743543812,0.8670743218917659,0.02335414022596627,33
12,0.5881492614746093,0.1514802286917252,0.0025267839431762696,0.001218547596395091,logistic,0.0001,constant,lbfgs,"{'mlpclassifier__activation': 'logistic', 'mlpclassifier__alpha': 0.0001, 'mlpclassifier__learning_rate': 'constant', 'mlpclassifier__solver': 'lbfgs'}",0.8696524064171123,0.8698752228163993,0.8112745098039216,0.8596256684491979,0.7967914438502673,0.856951871657754,0.8948306595365418,0.7963458110516934,0.821524064171123,0.8193013882669056,0.8396173046020916,0.032889022003830544,109
13,4.867895531654358,0.47614281817967785,0.002134895324707031,5.2016923978595544e-05,logistic,0.0001,constant,sgd,"{'mlpclassifier__activation': 'logistic', 'mlpclassifier__alpha': 0.0001, 'mlpclassifier__learning_rate': 'constant', 'mlpclassifier__solver': 'sgd'}",0.8464795008912656,0.8694295900178253,0.8110516934046346,0.8014705882352942,0.803698752228164,0.8311051693404634,0.8132798573975044,0.8108288770053476,0.838903743315508,0.8213912524257352,0.8247639024261743,0.020539046565070204,118
14,6.0232542753219604,0.5798067838280473,0.0031288862228393555,0.001978466159189387,logistic,0.0001,constant,adam,"{'mlpclassifier__activation': 'logistic', 'mlpclassifier__alpha': 0.0001, 'mlpclassifier__learning_rate': 'constant', 'mlpclassifier__solver': 'adam'}",0.8819073083778965,0.8845811051693404,0.8692067736185383,0.8823529411764706,0.8718805704099821,0.838903743315508,0.9222370766488414,0.8315508021390374,0.8540552584670231,0.8516942827287655,0.8688369862051403,0.02502197386076455,23
15,0.643322491645813,0.14495429583343342,0.002504420280456543,0.0007161914113477431,logistic,0.0001,adaptive,lbfgs,"{'mlpclassifier__activation': 'logistic', 'mlpclassifier__alpha': 0.0001, 'mlpclassifier__learning_rate': 'adaptive', 'mlpclassifier__solver': 'lbfgs'}",0.8696524064171123,0.8698752228163993,0.8112745098039216,0.8596256684491979,0.7967914438502673,0.856951871657754,0.8948306595365418,0.7963458110516934,0.821524064171123,0.8193013882669056,0.8396173046020916,0.032889022003830544,109
16,5.637171936035156,0.5506299538471999,0.002706480026245117,0.0012106069864954013,logistic,0.0001,adaptive,sgd,"{'mlpclassifier__activation': 'logistic', 'mlpclassifier__alpha': 0.0001, 'mlpclassifier__learning_rate': 'adaptive', 'mlpclassifier__solver': 'sgd'}",0.8413547237076648,0.8669786096256684,0.8110516934046346,0.8014705882352942,0.803698752228164,0.8235294117647058,0.8057040998217468,0.8108288770053476,0.838903743315508,0.8213912524257352,0.8224911751534469,0.019875418289119838,124
17,5.998429012298584,0.39151601661686286,0.002538156509399414,0.0009501605198799068,logistic,0.0001,adaptive,adam,"{'mlpclassifier__activation': 'logistic', 'mlpclassifier__alpha': 0.0001, 'mlpclassifier__learning_rate': 'adaptive', 'mlpclassifier__solver': 'adam'}",0.8819073083778965,0.8845811051693404,0.8692067736185383,0.8823529411764706,0.8718805704099821,0.838903743315508,0.9222370766488414,0.8315508021390374,0.8540552584670231,0.8516942827287655,0.8688369862051403,0.02502197386076455,23
18,0.8504457712173462,0.13496542684050158,0.002721285820007324,0.0015316255897120507,logistic,0.001,constant,lbfgs,"{'mlpclassifier__activation': 'logistic', 'mlpclassifier__alpha': 0.001, 'mlpclassifier__learning_rate': 'constant', 'mlpclassifier__solver': 'lbfgs'}",0.892156862745098,0.8598484848484849,0.8264260249554367,0.8547237076648841,0.804144385026738,0.8442513368983957,0.8946078431372549,0.8112745098039216,0.8493761140819964,0.841842065979997,0.8478651335142207,0.028458587154202714,107
19,4.716733837127686,0.3827093747897863,0.0032385587692260742,0.003238043636356358,logistic,0.001,constant,sgd,"{'mlpclassifier__activation': 'logistic', 'mlpclassifier__alpha': 0.001, 'mlpclassifier__learning_rate': 'constant', 'mlpclassifier__solver': 'sgd'}",0.8464795008912656,0.8694295900178253,0.8110516934046346,0.8014705882352942,0.8112745098039216,0.8311051693404634,0.8132798573975044,0.8108288770053476,0.838903743315508,0.8213912524257352,0.82552147818375,0.01987714337672572,117
20,6.059199738502502,0.7386185612467935,0.002822422981262207,0.001967447497527522,logistic,0.001,constant,adam,"{'mlpclassifier__activation': 'logistic', 'mlpclassifier__alpha': 0.001, 'mlpclassifier__learning_rate': 'constant', 'mlpclassifier__solver': 'adam'}",0.8819073083778965,0.8821301247771836,0.8692067736185383,0.8723262032085561,0.8794563279857397,0.85650623885918,0.9146613190730838,0.8239750445632799,0.8640819964349375,0.8568069861173309,0.8701058323015728,0.022109645856773018,9
21,0.8114796161651612,0.12067024707541464,0.0028392553329467775,0.0021387061607969736,logistic,0.001,adaptive,lbfgs,"{'mlpclassifier__activation': 'logistic', 'mlpclassifier__alpha': 0.001, 'mlpclassifier__learning_rate': 'adaptive', 'mlpclassifier__solver': 'lbfgs'}",0.892156862745098,0.8598484848484849,0.8264260249554367,0.8547237076648841,0.804144385026738,0.8442513368983957,0.8946078431372549,0.8112745098039216,0.8493761140819964,0.841842065979997,0.8478651335142207,0.028458587154202714,107
22,5.522325325012207,0.29286723040134177,0.0026049137115478514,0.0014034665412738445,logistic,0.001,adaptive,sgd,"{'mlpclassifier__activation': 'logistic', 'mlpclassifier__alpha': 0.001, 'mlpclassifier__learning_rate': 'adaptive', 'mlpclassifier__solver': 'sgd'}",0.8413547237076648,0.8669786096256684,0.8110516934046346,0.8014705882352942,0.8112745098039216,0.8235294117647058,0.8057040998217468,0.8108288770053476,0.838903743315508,0.8213912524257352,0.8232487509110227,0.01928014972335711,122
23,5.862783169746399,0.5939425813053922,0.002720141410827637,0.001356029135951613,logistic,0.001,adaptive,adam,"{'mlpclassifier__activation': 'logistic', 'mlpclassifier__alpha': 0.001, 'mlpclassifier__learning_rate': 'adaptive', 'mlpclassifier__solver': 'adam'}",0.8819073083778965,0.8821301247771836,0.8692067736185383,0.8723262032085561,0.8794563279857397,0.85650623885918,0.9146613190730838,0.8239750445632799,0.8640819964349375,0.8568069861173309,0.8701058323015728,0.022109645856773018,9
24,0.8813874244689941,0.06755677902603946,0.002170372009277344,4.660492320545155e-05,logistic,0.01,constant,lbfgs,"{'mlpclassifier__activation': 'logistic', 'mlpclassifier__alpha': 0.01, 'mlpclassifier__learning_rate': 'constant', 'mlpclassifier__solver': 'lbfgs'}",0.8821301247771836,0.874777183600713,0.8540552584670231,0.8796791443850267,0.8268716577540107,0.8340017825311943,0.9021836007130125,0.8418003565062389,0.8591800356506238,0.8568069861173309,0.8611486130502358,0.02238854255457142,67
25,4.705261397361755,0.45304924257072693,0.002869868278503418,0.0021334725682699263,logistic,0.01,constant,sgd,"{'mlpclassifier__activation': 'logistic', 'mlpclassifier__alpha': 0.01, 'mlpclassifier__learning_rate': 'constant', 'mlpclassifier__solver': 'sgd'}",0.8464795008912656,0.8694295900178253,0.8110516934046346,0.8014705882352942,0.8112745098039216,0.8311051693404634,0.8057040998217468,0.8108288770053476,0.838903743315508,0.8213912524257352,0.8247639024261743,0.02046494633164963,118
26,6.243246054649353,0.3654875251268508,0.002932572364807129,0.0018063744662820608,logistic,0.01,constant,adam,"{'mlpclassifier__activation': 'logistic', 'mlpclassifier__alpha': 0.01, 'mlpclassifier__learning_rate': 'constant', 'mlpclassifier__solver': 'adam'}",0.8843582887700534,0.8796791443850267,0.8816844919786095,0.8545008912655971,0.8770053475935828,0.8489304812834224,0.9195632798573975,0.8290998217468806,0.8616310160427807,0.8568069861173309,0.8693259749040682,0.023533999302050815,19
27,0.9453027009963989,0.1578904137060948,0.0030776023864746093,0.0026222123854477376,logistic,0.01,adaptive,lbfgs,"{'mlpclassifier__activation': 'logistic', 'mlpclassifier__alpha': 0.01, 'mlpclassifier__learning_rate': 'adaptive', 'mlpclassifier__solver': 'lbfgs'}",0.8821301247771836,0.874777183600713,0.8540552584670231,0.8796791443850267,0.8268716577540107,0.8340017825311943,0.9021836007130125,0.8418003565062389,0.8591800356506238,0.8568069861173309,0.8611486130502358,0.02238854255457142,67
28,5.163414406776428,0.3937022693597393,0.002138185501098633,6.286603805485814e-05,logistic,0.01,adaptive,sgd,"{'mlpclassifier__activation': 'logistic', 'mlpclassifier__alpha': 0.01, 'mlpclassifier__learning_rate': 'adaptive', 'mlpclassifier__solver': 'sgd'}",0.8413547237076648,0.8669786096256684,0.8110516934046346,0.8014705882352942,0.8112745098039216,0.8235294117647058,0.8057040998217468,0.8108288770053476,0.838903743315508,0.8213912524257352,0.8232487509110227,0.01928014972335711,122
29,6.319008874893188,0.4890576072476532,0.00264437198638916,0.00128567137782284,logistic,0.01,adaptive,adam,"{'mlpclassifier__activation': 'logistic', 'mlpclassifier__alpha': 0.01, 'mlpclassifier__learning_rate': 'adaptive', 'mlpclassifier__solver': 'adam'}",0.8843582887700534,0.8796791443850267,0.8816844919786095,0.8545008912655971,0.8770053475935828,0.8489304812834224,0.9195632798573975,0.8290998217468806,0.8616310160427807,0.8568069861173309,0.8693259749040682,0.023533999302050815,19
30,1.0988052845001222,0.11095325100394739,0.0036622047424316405,0.00311234295621463,logistic,0.1,constant,lbfgs,"{'mlpclassifier__activation': 'logistic', 'mlpclassifier__alpha': 0.1, 'mlpclassifier__learning_rate': 'constant', 'mlpclassifier__solver': 'lbfgs'}",0.8819073083778965,0.8770053475935828,0.8462566844919786,0.8874777183600713,0.8694295900178253,0.874331550802139,0.9095365418894831,0.8591800356506238,0.8667557932263814,0.8516942827287655,0.8723574853138747,0.01746258521368924,1
31,4.568382382392883,0.3994332225544567,0.0027307987213134764,0.001721297149726265,logistic,0.1,constant,sgd,"{'mlpclassifier__activation': 'logistic', 'mlpclassifier__alpha': 0.1, 'mlpclassifier__learning_rate': 'constant', 'mlpclassifier__solver': 'sgd'}",0.8413547237076648,0.8718805704099821,0.8110516934046346,0.7938948306595366,0.7961229946524064,0.8235294117647058,0.8057040998217468,0.8132798573975044,0.8313279857397504,0.8138154948499776,0.8201961662407908,0.022152782288289298,130
32,6.079365944862365,0.8258961020904271,0.0023395299911499025,0.0003728045596664131,logistic,0.1,constant,adam,"{'mlpclassifier__activation': 'logistic', 'mlpclassifier__alpha': 0.1, 'mlpclassifier__learning_rate': 'constant', 'mlpclassifier__solver': 'adam'}",0.8892602495543671,0.8696524064171123,0.8716577540106951,0.8796791443850267,0.8718805704099821,0.8413547237076648,0.8865864527629234,0.8012477718360071,0.8689839572192513,0.8467681743543812,0.8627071204657412,0.025104718395217447,61
33,1.1554438114166259,0.11310461288638439,0.0031122922897338866,0.00173786646300779,logistic,0.1,adaptive,lbfgs,"{'mlpclassifier__activation': 'logistic', 'mlpclassifier__alpha': 0.1, 'mlpclassifier__learning_rate': 'adaptive', 'mlpclassifier__solver': 'lbfgs'}",0.8819073083778965,0.8770053475935828,0.8462566844919786,0.8874777183600713,0.8694295900178253,0.874331550802139,0.9095365418894831,0.8591800356506238,0.8667557932263814,0.8516942827287655,0.8723574853138747,0.01746258521368924,1
34,5.343010425567627,0.3915486872461179,0.003402042388916016,0.00271439689012978,logistic,0.1,adaptive,sgd,"{'mlpclassifier__activation': 'logistic', 'mlpclassifier__alpha': 0.1, 'mlpclassifier__learning_rate': 'adaptive', 'mlpclassifier__solver': 'sgd'}",0.8413547237076648,0.8669786096256684,0.8110516934046346,0.8014705882352942,0.803698752228164,0.8235294117647058,0.8057040998217468,0.8057040998217468,0.8313279857397504,0.8138154948499776,0.8204635459199352,0.019843842483427628,129
35,6.130956363677979,1.036848684108091,0.0030655145645141603,0.001868718766858225,logistic,0.1,adaptive,adam,"{'mlpclassifier__activation': 'logistic', 'mlpclassifier__alpha': 0.1, 'mlpclassifier__learning_rate': 'adaptive', 'mlpclassifier__solver': 'adam'}",0.8892602495543671,0.8696524064171123,0.8716577540106951,0.8796791443850267,0.8718805704099821,0.8413547237076648,0.8865864527629234,0.8012477718360071,0.8689839572192513,0.8467681743543812,0.8627071204657412,0.025104718395217447,61
36,2.1711798906326294,0.2727681470729879,0.0031300783157348633,0.0015041818679613704,logistic,1,constant,lbfgs,"{'mlpclassifier__activation': 'logistic', 'mlpclassifier__alpha': 1, 'mlpclassifier__learning_rate': 'constant', 'mlpclassifier__solver': 'lbfgs'}",0.8794563279857397,0.8919340463458111,0.8562834224598931,0.8848039215686274,0.8718805704099821,0.8589572192513368,0.8865864527629234,0.8288770053475936,0.85650623885918,0.8641961486789074,0.8679481353669996,0.018008832756810367,31
37,5.802753829956055,0.7759780725784449,0.0022139549255371094,0.00015628493349711597,logistic,1,constant,sgd,"{'mlpclassifier__activation': 'logistic', 'mlpclassifier__alpha': 1, 'mlpclassifier__learning_rate': 'constant', 'mlpclassifier__solver': 'sgd'}",0.838680926916221,0.8667557932263814,0.8083778966131907,0.7936720142602496,0.7758467023172906,0.8108288770053476,0.7981283422459893,0.7905525846702317,0.8313279857397504,0.8111658456486043,0.8125336968643255,0.02528115690699977,136
38,0.9494286775588989,0.11934280323972951,0.0031656980514526366,0.0019960809434736455,logistic,1,constant,adam,"{'mlpclassifier__activation': 'logistic', 'mlpclassifier__alpha': 1, 'mlpclassifier__learning_rate': 'constant', 'mlpclassifier__solver': 'adam'}",0.841131907308378,0.874331550802139,0.8083778966131907,0.786096256684492,0.803698752228164,0.8083778966131907,0.8057040998217468,0.80325311942959,0.8262032085561497,0.8212046574115539,0.8178379345468594,0.02358353764689495,131
39,2.046155571937561,0.18472175298587143,0.004615926742553711,0.0040250571692741904,logistic,1,adaptive,lbfgs,"{'mlpclassifier__activation': 'logistic', 'mlpclassifier__alpha': 1, 'mlpclassifier__learning_rate': 'adaptive', 'mlpclassifier__solver': 'lbfgs'}",0.8794563279857397,0.8919340463458111,0.8562834224598931,0.8848039215686274,0.8718805704099821,0.8589572192513368,0.8865864527629234,0.8288770053475936,0.85650623885918,0.8641961486789074,0.8679481353669996,0.018008832756810367,31
40,6.194680976867676,0.7247832960584681,0.0023907184600830077,0.0008448563118254461,logistic,1,adaptive,sgd,"{'mlpclassifier__activation': 'logistic', 'mlpclassifier__alpha': 1, 'mlpclassifier__learning_rate': 'adaptive', 'mlpclassifier__solver': 'sgd'}",0.838680926916221,0.8692067736185383,0.8083778966131907,0.7936720142602496,0.7782976827094474,0.8108288770053476,0.7981283422459893,0.7905525846702317,0.8313279857397504,0.8111658456486043,0.813023892942757,0.025469466061976996,135
41,0.9778783082962036,0.12828523369996345,0.002979731559753418,0.0025751425582362197,logistic,1,adaptive,adam,"{'mlpclassifier__activation': 'logistic', 'mlpclassifier__alpha': 1, 'mlpclassifier__learning_rate': 'adaptive', 'mlpclassifier__solver': 'adam'}",0.841131907308378,0.874331550802139,0.8083778966131907,0.786096256684492,0.803698752228164,0.8083778966131907,0.8057040998217468,0.80325311942959,0.8262032085561497,0.8212046574115539,0.8178379345468594,0.02358353764689495,131
42,1.3420623540878296,0.1668648365397706,0.002861809730529785,0.0013829380026395925,logistic,10,constant,lbfgs,"{'mlpclassifier__activation': 'logistic', 'mlpclassifier__alpha': 10, 'mlpclassifier__learning_rate': 'constant', 'mlpclassifier__solver': 'lbfgs'}",0.8614081996434937,0.8894830659536542,0.8286541889483066,0.8290998217468806,0.8186274509803921,0.8259803921568627,0.838458110516934,0.7983511586452763,0.8589572192513368,0.8414688759516347,0.8390488483794772,0.024284257599959756,111
43,2.8541988849639894,0.16621362112925847,0.002841329574584961,0.001603775504347494,logistic,10,constant,sgd,"{'mlpclassifier__activation': 'logistic', 'mlpclassifier__alpha': 10, 'mlpclassifier__learning_rate': 'constant', 'mlpclassifier__solver': 'sgd'}",0.6238859180035651,0.6214349376114082,0.6439393939393939,0.6744652406417113,0.5884581105169341,0.6363636363636364,0.6363636363636364,0.6238859180035651,0.6011586452762924,0.6136363636363636,0.6263591800356506,0.0225684416261604,150
44,0.571573543548584,0.06753716445614849,0.0029677867889404295,0.0019020010124966274,logistic,10,constant,adam,"{'mlpclassifier__activation': 'logistic', 'mlpclassifier__alpha': 10, 'mlpclassifier__learning_rate': 'constant', 'mlpclassifier__solver': 'adam'}",0.6390374331550802,0.6517379679144385,0.6439393939393939,0.6820409982174689,0.6314616755793226,0.6566399286987522,0.6439393939393939,0.6466131907308378,0.6011586452762924,0.6287878787878788,0.642535650623886,0.019750395861022126,147
45,1.383299469947815,0.2685869585948883,0.002864503860473633,0.0011116769255131724,logistic,10,adaptive,lbfgs,"{'mlpclassifier__activation': 'logistic', 'mlpclassifier__alpha': 10, 'mlpclassifier__learning_rate': 'adaptive', 'mlpclassifier__solver': 'lbfgs'}",0.8614081996434937,0.8894830659536542,0.8286541889483066,0.8290998217468806,0.8186274509803921,0.8259803921568627,0.838458110516934,0.7983511586452763,0.8589572192513368,0.8414688759516347,0.8390488483794772,0.024284257599959756,111
46,3.321625518798828,0.32647323755268104,0.0024990081787109376,0.0007094756401961264,logistic,10,adaptive,sgd,"{'mlpclassifier__activation': 'logistic', 'mlpclassifier__alpha': 10, 'mlpclassifier__learning_rate': 'adaptive', 'mlpclassifier__solver': 'sgd'}",0.6238859180035651,0.6290106951871658,0.6439393939393939,0.6744652406417113,0.5884581105169341,0.6363636363636364,0.6363636363636364,0.6238859180035651,0.6011586452762924,0.6136363636363636,0.6271167557932265,0.022517523694215214,149
47,0.5630010366439819,0.05233691783372636,0.002581930160522461,0.0012738797103400918,logistic,10,adaptive,adam,"{'mlpclassifier__activation': 'logistic', 'mlpclassifier__alpha': 10, 'mlpclassifier__learning_rate': 'adaptive', 'mlpclassifier__solver': 'adam'}",0.6390374331550802,0.6517379679144385,0.6439393939393939,0.6820409982174689,0.6314616755793226,0.6566399286987522,0.6439393939393939,0.6466131907308378,0.6011586452762924,0.6287878787878788,0.642535650623886,0.019750395861022126,147
48,0.6028416156768799,0.10050321398922224,0.0026526451110839844,0.0013859238986283274,logistic,100,constant,lbfgs,"{'mlpclassifier__activation': 'logistic', 'mlpclassifier__alpha': 100, 'mlpclassifier__learning_rate': 'constant', 'mlpclassifier__solver': 'lbfgs'}",0.7553475935828877,0.7704991087344029,0.714795008912656,0.7277183600713013,0.697192513368984,0.7096702317290553,0.7248217468805704,0.7223707664884136,0.6844919786096257,0.75,0.7256907308377898,0.025256698346251577,145
49,0.6751999855041504,0.12339175837218767,0.0029165029525756838,0.0022752619632907234,logistic,100,constant,sgd,"{'mlpclassifier__activation': 'logistic', 'mlpclassifier__alpha': 100, 'mlpclassifier__learning_rate': 'constant', 'mlpclassifier__solver': 'sgd'}",0.5,0.5,0.5,0.5,0.5,0.5,0.5,0.5,0.5,0.5,0.5,0.0,151
50,0.9347529411315918,0.17411748054070547,0.0021119117736816406,8.387367718971526e-05,logistic,100,constant,adam,"{'mlpclassifier__activation': 'logistic', 'mlpclassifier__alpha': 100, 'mlpclassifier__learning_rate': 'constant', 'mlpclassifier__solver': 'adam'}",0.5,0.5,0.5,0.5,0.5,0.5,0.5,0.5,0.5,0.5,0.5,0.0,151
51,0.6329166889190674,0.14324349277310258,0.00718839168548584,0.00957772055966987,logistic,100,adaptive,lbfgs,"{'mlpclassifier__activation': 'logistic', 'mlpclassifier__alpha': 100, 'mlpclassifier__learning_rate': 'adaptive', 'mlpclassifier__solver': 'lbfgs'}",0.7553475935828877,0.7704991087344029,0.714795008912656,0.7277183600713013,0.697192513368984,0.7096702317290553,0.7248217468805704,0.7223707664884136,0.6844919786096257,0.75,0.7256907308377898,0.025256698346251577,145
52,1.1541969060897828,0.13183255905156435,0.0028218746185302733,0.0013891389174809233,logistic,100,adaptive,sgd,"{'mlpclassifier__activation': 'logistic', 'mlpclassifier__alpha': 100, 'mlpclassifier__learning_rate': 'adaptive', 'mlpclassifier__solver': 'sgd'}",0.5,0.5,0.5,0.5,0.5,0.5,0.5,0.5,0.5,0.5,0.5,0.0,151
53,0.9461971998214722,0.16748647116101928,0.00348663330078125,0.0027263161517878253,logistic,100,adaptive,adam,"{'mlpclassifier__activation': 'logistic', 'mlpclassifier__alpha': 100, 'mlpclassifier__learning_rate': 'adaptive', 'mlpclassifier__solver': 'adam'}",0.5,0.5,0.5,0.5,0.5,0.5,0.5,0.5,0.5,0.5,0.5,0.0,151
54,0.6970475912094116,0.19192427167387052,0.0021186113357543946,5.863540818994132e-05,tanh,1e-06,constant,lbfgs,"{'mlpclassifier__activation': 'tanh', 'mlpclassifier__alpha': 1e-06, 'mlpclassifier__learning_rate': 'constant', 'mlpclassifier__solver': 'lbfgs'}",0.8997326203208555,0.892156862745098,0.8293226381461676,0.8622994652406417,0.8772281639928698,0.8545008912655971,0.9048573975044563,0.8317736185383244,0.8344474153297683,0.8119122257053292,0.8598231298789107,0.03108078723608891,80
55,11.598872518539428,1.026547382680615,0.0027521610260009765,0.0018899666586458333,tanh,1e-06,constant,sgd,"{'mlpclassifier__activation': 'tanh', 'mlpclassifier__alpha': 1e-06, 'mlpclassifier__learning_rate': 'constant', 'mlpclassifier__solver': 'sgd'}",0.8667557932263814,0.8796791443850267,0.8262032085561497,0.8845811051693404,0.8516042780748663,0.874331550802139,0.9093137254901962,0.821524064171123,0.839126559714795,0.8744215554560382,0.8627540985046055,0.026334990315432582,57
56,2.9121037483215333,0.23316245711274286,0.002627849578857422,0.0013477178400926276,tanh,1e-06,constant,adam,"{'mlpclassifier__activation': 'tanh', 'mlpclassifier__alpha': 1e-06, 'mlpclassifier__learning_rate': 'constant', 'mlpclassifier__solver': 'adam'}",0.8843582887700534,0.892156862745098,0.8591800356506238,0.8897058823529411,0.8669786096256684,0.8692067736185383,0.8943850267379679,0.8442513368983957,0.8440285204991087,0.8566203911031498,0.8700871728001545,0.018229967992522043,11
57,0.6624513149261475,0.18896826086143842,0.0025479793548583984,0.0010852576661328254,tanh,1e-06,adaptive,lbfgs,"{'mlpclassifier__activation': 'tanh', 'mlpclassifier__alpha': 1e-06, 'mlpclassifier__learning_rate': 'adaptive', 'mlpclassifier__solver': 'lbfgs'}",0.8997326203208555,0.892156862745098,0.8293226381461676,0.8622994652406417,0.8772281639928698,0.8545008912655971,0.9048573975044563,0.8317736185383244,0.8344474153297683,0.8119122257053292,0.8598231298789107,0.03108078723608891,80
58,12.159307432174682,1.3269576264982137,0.002892279624938965,0.001787019109935225,tanh,1e-06,adaptive,sgd,"{'mlpclassifier__activation': 'tanh', 'mlpclassifier__alpha': 1e-06, 'mlpclassifier__learning_rate': 'adaptive', 'mlpclassifier__solver': 'sgd'}",0.8667557932263814,0.8796791443850267,0.8262032085561497,0.8821301247771836,0.8516042780748663,0.874331550802139,0.9168894830659537,0.8139483065953654,0.8467023172905526,0.8744215554560382,0.8632665762229657,0.02824187081159783,51
59,2.906161737442017,0.23786944849318667,0.004140734672546387,0.004322154890090054,tanh,1e-06,adaptive,adam,"{'mlpclassifier__activation': 'tanh', 'mlpclassifier__alpha': 1e-06, 'mlpclassifier__learning_rate': 'adaptive', 'mlpclassifier__solver': 'adam'}",0.8843582887700534,0.892156862745098,0.8591800356506238,0.8897058823529411,0.8669786096256684,0.8692067736185383,0.8943850267379679,0.8442513368983957,0.8440285204991087,0.8566203911031498,0.8700871728001545,0.018229967992522043,11
60,0.730059552192688,0.1786825514256285,0.0021468400955200195,7.870617641212495e-05,tanh,1e-05,constant,lbfgs,"{'mlpclassifier__activation': 'tanh', 'mlpclassifier__alpha': 1e-05, 'mlpclassifier__learning_rate': 'constant', 'mlpclassifier__solver': 'lbfgs'}",0.8997326203208555,0.8995098039215687,0.82174688057041,0.8647504456327986,0.8772281639928698,0.8594028520499108,0.9048573975044563,0.8241978609625669,0.8344474153297683,0.8194879832810867,0.8605361423566291,0.03241604955843921,69
61,11.589344382286072,1.3302398790870618,0.002676844596862793,0.0015596273485618281,tanh,1e-05,constant,sgd,"{'mlpclassifier__activation': 'tanh', 'mlpclassifier__alpha': 1e-05, 'mlpclassifier__learning_rate': 'constant', 'mlpclassifier__solver': 'sgd'}",0.8667557932263814,0.8796791443850267,0.8262032085561497,0.8845811051693404,0.8516042780748663,0.874331550802139,0.9093137254901962,0.821524064171123,0.839126559714795,0.8744215554560382,0.8627540985046055,0.026334990315432582,57
62,2.931423044204712,0.24340394151379094,0.0024492502212524413,0.0006448624547037277,tanh,1e-05,constant,adam,"{'mlpclassifier__activation': 'tanh', 'mlpclassifier__alpha': 1e-05, 'mlpclassifier__learning_rate': 'constant', 'mlpclassifier__solver': 'adam'}",0.8843582887700534,0.892156862745098,0.8591800356506238,0.8897058823529411,0.8669786096256684,0.8692067736185383,0.8943850267379679,0.8442513368983957,0.8440285204991087,0.8566203911031498,0.8700871728001545,0.018229967992522043,11
63,0.720673942565918,0.19858876338255343,0.0027819395065307615,0.001307428712422856,tanh,1e-05,adaptive,lbfgs,"{'mlpclassifier__activation': 'tanh', 'mlpclassifier__alpha': 1e-05, 'mlpclassifier__learning_rate': 'adaptive', 'mlpclassifier__solver': 'lbfgs'}",0.8997326203208555,0.8995098039215687,0.82174688057041,0.8647504456327986,0.8772281639928698,0.8594028520499108,0.9048573975044563,0.8241978609625669,0.8344474153297683,0.8194879832810867,0.8605361423566291,0.03241604955843921,69
64,12.055368280410766,1.1762835389744797,0.002252531051635742,0.000496509685369944,tanh,1e-05,adaptive,sgd,"{'mlpclassifier__activation': 'tanh', 'mlpclassifier__alpha': 1e-05, 'mlpclassifier__learning_rate': 'adaptive', 'mlpclassifier__solver': 'sgd'}",0.8667557932263814,0.8796791443850267,0.8262032085561497,0.8821301247771836,0.8516042780748663,0.874331550802139,0.9168894830659537,0.8139483065953654,0.8467023172905526,0.8744215554560382,0.8632665762229657,0.02824187081159783,51
65,2.978499484062195,0.2508119773064022,0.0021252870559692384,0.00012602213639237764,tanh,1e-05,adaptive,adam,"{'mlpclassifier__activation': 'tanh', 'mlpclassifier__alpha': 1e-05, 'mlpclassifier__learning_rate': 'adaptive', 'mlpclassifier__solver': 'adam'}",0.8843582887700534,0.892156862745098,0.8591800356506238,0.8897058823529411,0.8669786096256684,0.8692067736185383,0.8943850267379679,0.8442513368983957,0.8440285204991087,0.8566203911031498,0.8700871728001545,0.018229967992522043,11
66,0.525067663192749,0.09233062924964681,0.0031231403350830077,0.002392706159421663,tanh,0.0001,constant,lbfgs,"{'mlpclassifier__activation': 'tanh', 'mlpclassifier__alpha': 0.0001, 'mlpclassifier__learning_rate': 'constant', 'mlpclassifier__solver': 'lbfgs'}",0.8997326203208555,0.9021836007130125,0.8594028520499108,0.8622994652406417,0.874777183600713,0.8667557932263814,0.8999554367201426,0.8290998217468806,0.8317736185383244,0.8295267950440364,0.86555071872009,0.027561359359100278,47
67,11.413071537017823,0.6792629352131131,0.0020702838897705077,5.560268862345814e-05,tanh,0.0001,constant,sgd,"{'mlpclassifier__activation': 'tanh', 'mlpclassifier__alpha': 0.0001, 'mlpclassifier__learning_rate': 'constant', 'mlpclassifier__solver': 'sgd'}",0.8667557932263814,0.8796791443850267,0.8262032085561497,0.8845811051693404,0.8516042780748663,0.874331550802139,0.9093137254901962,0.821524064171123,0.839126559714795,0.8744215554560382,0.8627540985046055,0.026334990315432582,57
68,2.949809527397156,0.22414475006361426,0.0021326541900634766,7.2868846644568e-05,tanh,0.0001,constant,adam,"{'mlpclassifier__activation': 'tanh', 'mlpclassifier__alpha': 0.0001, 'mlpclassifier__learning_rate': 'constant', 'mlpclassifier__solver': 'adam'}",0.8843582887700534,0.892156862745098,0.8591800356506238,0.8897058823529411,0.8669786096256684,0.8692067736185383,0.8943850267379679,0.8442513368983957,0.8440285204991087,0.8566203911031498,0.8700871728001545,0.018229967992522043,11
69,0.5690804481506347,0.08458179714227922,0.0021570682525634765,9.986154145406833e-05,tanh,0.0001,adaptive,lbfgs,"{'mlpclassifier__activation': 'tanh', 'mlpclassifier__alpha': 0.0001, 'mlpclassifier__learning_rate': 'adaptive', 'mlpclassifier__solver': 'lbfgs'}",0.8997326203208555,0.9021836007130125,0.8594028520499108,0.8622994652406417,0.874777183600713,0.8667557932263814,0.8999554367201426,0.8290998217468806,0.8317736185383244,0.8295267950440364,0.86555071872009,0.027561359359100278,47
70,12.066510367393494,0.4480340859890014,0.004415488243103028,0.004482830713054975,tanh,0.0001,adaptive,sgd,"{'mlpclassifier__activation': 'tanh', 'mlpclassifier__alpha': 0.0001, 'mlpclassifier__learning_rate': 'adaptive', 'mlpclassifier__solver': 'sgd'}",0.8667557932263814,0.8796791443850267,0.8262032085561497,0.8821301247771836,0.8516042780748663,0.874331550802139,0.9168894830659537,0.8139483065953654,0.8467023172905526,0.8744215554560382,0.8632665762229657,0.02824187081159783,51
71,3.1021438360214235,0.22670808556023656,0.002277708053588867,0.00035788636719892537,tanh,0.0001,adaptive,adam,"{'mlpclassifier__activation': 'tanh', 'mlpclassifier__alpha': 0.0001, 'mlpclassifier__learning_rate': 'adaptive', 'mlpclassifier__solver': 'adam'}",0.8843582887700534,0.892156862745098,0.8591800356506238,0.8897058823529411,0.8669786096256684,0.8692067736185383,0.8943850267379679,0.8442513368983957,0.8440285204991087,0.8566203911031498,0.8700871728001545,0.018229967992522043,11
72,0.5761942148208619,0.1716992528716922,0.0030402421951293947,0.0018536666640879484,tanh,0.001,constant,lbfgs,"{'mlpclassifier__activation': 'tanh', 'mlpclassifier__alpha': 0.001, 'mlpclassifier__learning_rate': 'constant', 'mlpclassifier__solver': 'lbfgs'}",0.8872549019607843,0.8946078431372549,0.856951871657754,0.8596256684491979,0.8823529411764706,0.8843582887700534,0.8997326203208555,0.839126559714795,0.8366755793226381,0.8494178235557546,0.8690104098065559,0.022139245121191,21
73,11.620239686965942,0.4419039319096792,0.0025064945220947266,0.0009922756532106793,tanh,0.001,constant,sgd,"{'mlpclassifier__activation': 'tanh', 'mlpclassifier__alpha': 0.001, 'mlpclassifier__learning_rate': 'constant', 'mlpclassifier__solver': 'sgd'}",0.8667557932263814,0.8796791443850267,0.8262032085561497,0.8845811051693404,0.8516042780748663,0.874331550802139,0.9093137254901962,0.821524064171123,0.839126559714795,0.8744215554560382,0.8627540985046055,0.026334990315432582,57
74,3.0764275074005125,0.22699466511692384,0.002240443229675293,0.00019889101509852595,tanh,0.001,constant,adam,"{'mlpclassifier__activation': 'tanh', 'mlpclassifier__alpha': 0.001, 'mlpclassifier__learning_rate': 'constant', 'mlpclassifier__solver': 'adam'}",0.8843582887700534,0.892156862745098,0.8591800356506238,0.8897058823529411,0.874554367201426,0.8692067736185383,0.8943850267379679,0.8442513368983957,0.8440285204991087,0.8566203911031498,0.8708447485577302,0.01824245263282352,5
75,0.6002118349075317,0.15343552482451,0.0021812915802001953,0.0001289158160776516,tanh,0.001,adaptive,lbfgs,"{'mlpclassifier__activation': 'tanh', 'mlpclassifier__alpha': 0.001, 'mlpclassifier__learning_rate': 'adaptive', 'mlpclassifier__solver': 'lbfgs'}",0.8872549019607843,0.8946078431372549,0.856951871657754,0.8596256684491979,0.8823529411764706,0.8843582887700534,0.8997326203208555,0.839126559714795,0.8366755793226381,0.8494178235557546,0.8690104098065559,0.022139245121191,21
76,12.04410994052887,0.41320709854854853,0.0030730485916137694,0.001620462564915748,tanh,0.001,adaptive,sgd,"{'mlpclassifier__activation': 'tanh', 'mlpclassifier__alpha': 0.001, 'mlpclassifier__learning_rate': 'adaptive', 'mlpclassifier__solver': 'sgd'}",0.8667557932263814,0.8796791443850267,0.8262032085561497,0.8821301247771836,0.8516042780748663,0.874331550802139,0.9168894830659537,0.8139483065953654,0.8467023172905526,0.8744215554560382,0.8632665762229657,0.02824187081159783,51
77,3.0919843912124634,0.25416798460401313,0.002837371826171875,0.0013233070338332202,tanh,0.001,adaptive,adam,"{'mlpclassifier__activation': 'tanh', 'mlpclassifier__alpha': 0.001, 'mlpclassifier__learning_rate': 'adaptive', 'mlpclassifier__solver': 'adam'}",0.8843582887700534,0.892156862745098,0.8591800356506238,0.8897058823529411,0.874554367201426,0.8692067736185383,0.8943850267379679,0.8442513368983957,0.8440285204991087,0.8566203911031498,0.8708447485577302,0.01824245263282352,5
78,0.884684681892395,0.239008646072813,0.0032374382019042967,0.001759698756886663,tanh,0.01,constant,lbfgs,"{'mlpclassifier__activation': 'tanh', 'mlpclassifier__alpha': 0.01, 'mlpclassifier__learning_rate': 'constant', 'mlpclassifier__solver': 'lbfgs'}",0.8997326203208555,0.8894830659536542,0.8467023172905526,0.8522727272727273,0.8843582887700534,0.8843582887700534,0.9146613190730838,0.8364527629233511,0.8340017825311943,0.8393790117928048,0.868140218469833,0.028021343550989956,27
79,11.372288680076599,0.40269632993987764,0.0028359651565551757,0.001257124898337809,tanh,0.01,constant,sgd,"{'mlpclassifier__activation': 'tanh', 'mlpclassifier__alpha': 0.01, 'mlpclassifier__learning_rate': 'constant', 'mlpclassifier__solver': 'sgd'}",0.8591800356506238,0.8672014260249554,0.8337789661319073,0.8845811051693404,0.8516042780748663,0.874331550802139,0.9093137254901962,0.821524064171123,0.839126559714795,0.8643827436930884,0.8605024454923035,0.024463878102920854,71
80,2.8528485774993895,0.2677317145268024,0.002471733093261719,0.0005345487018459371,tanh,0.01,constant,adam,"{'mlpclassifier__activation': 'tanh', 'mlpclassifier__alpha': 0.01, 'mlpclassifier__learning_rate': 'constant', 'mlpclassifier__solver': 'adam'}",0.8919340463458111,0.8946078431372549,0.8616310160427807,0.8872549019607843,0.8770053475935828,0.8692067736185383,0.8992869875222816,0.8366755793226381,0.8440285204991087,0.8441185251530079,0.8705749541195787,0.021939533693896337,7
81,0.8630113124847412,0.22116104818427587,0.0023316860198974608,0.0003516258247493302,tanh,0.01,adaptive,lbfgs,"{'mlpclassifier__activation': 'tanh', 'mlpclassifier__alpha': 0.01, 'mlpclassifier__learning_rate': 'adaptive', 'mlpclassifier__solver': 'lbfgs'}",0.8997326203208555,0.8894830659536542,0.8467023172905526,0.8522727272727273,0.8843582887700534,0.8843582887700534,0.9146613190730838,0.8364527629233511,0.8340017825311943,0.8393790117928048,0.868140218469833,0.028021343550989956,27
82,11.808064079284668,0.3483634238883606,0.0028962612152099608,0.0017569619372048676,tanh,0.01,adaptive,sgd,"{'mlpclassifier__activation': 'tanh', 'mlpclassifier__alpha': 0.01, 'mlpclassifier__learning_rate': 'adaptive', 'mlpclassifier__solver': 'sgd'}",0.8591800356506238,0.8672014260249554,0.8262032085561497,0.8821301247771836,0.8516042780748663,0.874331550802139,0.9093137254901962,0.821524064171123,0.8467023172905526,0.8643827436930884,0.8602573474530878,0.02463330184557698,72
83,2.8669197082519533,0.24940288210624578,0.0025565624237060547,0.0006856061019013373,tanh,0.01,adaptive,adam,"{'mlpclassifier__activation': 'tanh', 'mlpclassifier__alpha': 0.01, 'mlpclassifier__learning_rate': 'adaptive', 'mlpclassifier__solver': 'adam'}",0.8919340463458111,0.8946078431372549,0.8616310160427807,0.8872549019607843,0.8770053475935828,0.8692067736185383,0.8992869875222816,0.8366755793226381,0.8440285204991087,0.8441185251530079,0.8705749541195787,0.021939533693896337,7
84,1.1327896118164062,0.09528315723592372,0.002667951583862305,0.001401048744104721,tanh,0.1,constant,lbfgs,"{'mlpclassifier__activation': 'tanh', 'mlpclassifier__alpha': 0.1, 'mlpclassifier__learning_rate': 'constant', 'mlpclassifier__solver': 'lbfgs'}",0.874331550802139,0.8823529411764706,0.8516042780748663,0.8696524064171123,0.874331550802139,0.8589572192513368,0.9195632798573975,0.8542780748663101,0.8489304812834224,0.8240409016271085,0.8658042684158301,0.023946618927494768,43
85,10.566779589653015,0.6639089707371084,0.002217411994934082,0.00021764381190229624,tanh,0.1,constant,sgd,"{'mlpclassifier__activation': 'tanh', 'mlpclassifier__alpha': 0.1, 'mlpclassifier__learning_rate': 'constant', 'mlpclassifier__solver': 'sgd'}",0.8616310160427807,0.8672014260249554,0.8286541889483066,0.8618538324420677,0.8540552584670231,0.8591800356506238,0.9068627450980392,0.8112745098039216,0.8667557932263814,0.8643827436930884,0.8581851549397188,0.023830091145870973,91
86,3.100944089889526,0.3633388630357096,0.0023087501525878907,0.000330650128871255,tanh,0.1,constant,adam,"{'mlpclassifier__activation': 'tanh', 'mlpclassifier__alpha': 0.1, 'mlpclassifier__learning_rate': 'constant', 'mlpclassifier__solver': 'adam'}",0.8968360071301248,0.8897058823529411,0.8513814616755793,0.8899286987522281,0.8718805704099821,0.8616310160427807,0.8992869875222816,0.8288770053475936,0.8618538324420677,0.8443051201671892,0.8695686581842768,0.02280225248529376,17
87,1.1339449644088746,0.1300412248676867,0.002474188804626465,0.0011131925496429243,tanh,0.1,adaptive,lbfgs,"{'mlpclassifier__activation': 'tanh', 'mlpclassifier__alpha': 0.1, 'mlpclassifier__learning_rate': 'adaptive', 'mlpclassifier__solver': 'lbfgs'}",0.874331550802139,0.8823529411764706,0.8516042780748663,0.8696524064171123,0.874331550802139,0.8589572192513368,0.9195632798573975,0.8542780748663101,0.8489304812834224,0.8240409016271085,0.8658042684158301,0.023946618927494768,43
88,11.070098638534546,0.6789725481914206,0.0021236181259155274,0.00013298395274599962,tanh,0.1,adaptive,sgd,"{'mlpclassifier__activation': 'tanh', 'mlpclassifier__alpha': 0.1, 'mlpclassifier__learning_rate': 'adaptive', 'mlpclassifier__solver': 'sgd'}",0.8616310160427807,0.8672014260249554,0.8362299465240641,0.8643048128342246,0.8540552584670231,0.8591800356506238,0.9144385026737968,0.8112745098039216,0.8667557932263814,0.8643827436930884,0.859945404494086,0.02465080778647385,73
89,3.095203185081482,0.3213366443122233,0.0023586511611938476,0.0002890209388015808,tanh,0.1,adaptive,adam,"{'mlpclassifier__activation': 'tanh', 'mlpclassifier__alpha': 0.1, 'mlpclassifier__learning_rate': 'adaptive', 'mlpclassifier__solver': 'adam'}",0.8968360071301248,0.8897058823529411,0.8513814616755793,0.8899286987522281,0.8718805704099821,0.8616310160427807,0.8992869875222816,0.8288770053475936,0.8618538324420677,0.8443051201671892,0.8695686581842768,0.02280225248529376,17
90,1.800538182258606,0.12858660505522498,0.00276792049407959,0.0013329020359942056,tanh,1,constant,lbfgs,"{'mlpclassifier__activation': 'tanh', 'mlpclassifier__alpha': 1, 'mlpclassifier__learning_rate': 'constant', 'mlpclassifier__solver': 'lbfgs'}",0.8767825311942958,0.8894830659536542,0.8692067736185383,0.8848039215686274,0.8542780748663101,0.8919340463458111,0.9168894830659537,0.8491532976827094,0.8542780748663101,0.8342663084042394,0.8721075577566448,0.02342333340274249,3
91,10.258022546768188,0.7455230249925333,0.0021456480026245117,0.00011638227780579237,tanh,1,constant,sgd,"{'mlpclassifier__activation': 'tanh', 'mlpclassifier__alpha': 1, 'mlpclassifier__learning_rate': 'constant', 'mlpclassifier__solver': 'sgd'}",0.8868092691622103,0.8970588235294118,0.8462566844919786,0.8464795008912656,0.8262032085561497,0.8362299465240641,0.8714349376114082,0.8010249554367201,0.8689839572192513,0.8467681743543812,0.8527249457776842,0.02739773115263537,105
92,1.545559811592102,0.4961329815745178,0.002142786979675293,0.00012111702537850193,tanh,1,constant,adam,"{'mlpclassifier__activation': 'tanh', 'mlpclassifier__alpha': 1, 'mlpclassifier__learning_rate': 'constant', 'mlpclassifier__solver': 'adam'}",0.8919340463458111,0.8819073083778965,0.8462566844919786,0.8464795008912656,0.8337789661319073,0.8513814616755793,0.8714349376114082,0.8061497326203209,0.874108734402852,0.841842065979997,0.8545273438529017,0.02427569630302116,101
93,1.8247560024261475,0.14302353550032756,0.002651023864746094,0.0009302579187590401,tanh,1,adaptive,lbfgs,"{'mlpclassifier__activation': 'tanh', 'mlpclassifier__alpha': 1, 'mlpclassifier__learning_rate': 'adaptive', 'mlpclassifier__solver': 'lbfgs'}",0.8767825311942958,0.8894830659536542,0.8692067736185383,0.8848039215686274,0.8542780748663101,0.8919340463458111,0.9168894830659537,0.8491532976827094,0.8542780748663101,0.8342663084042394,0.8721075577566448,0.02342333340274249,3
94,10.705186796188354,0.7255176612298825,0.002830100059509277,0.0010333175093587093,tanh,1,adaptive,sgd,"{'mlpclassifier__activation': 'tanh', 'mlpclassifier__alpha': 1, 'mlpclassifier__learning_rate': 'adaptive', 'mlpclassifier__solver': 'sgd'}",0.8868092691622103,0.8970588235294118,0.8538324420677361,0.8464795008912656,0.8286541889483066,0.8362299465240641,0.8614081996434937,0.803475935828877,0.8689839572192513,0.8492312285415733,0.8532163492356191,0.026065231439405666,103
95,1.5628867387771606,0.509907670352278,0.0026760339736938477,0.0007736341196311492,tanh,1,adaptive,adam,"{'mlpclassifier__activation': 'tanh', 'mlpclassifier__alpha': 1, 'mlpclassifier__learning_rate': 'adaptive', 'mlpclassifier__solver': 'adam'}",0.8919340463458111,0.8819073083778965,0.8462566844919786,0.8464795008912656,0.8337789661319073,0.8513814616755793,0.8714349376114082,0.8061497326203209,0.874108734402852,0.841842065979997,0.8545273438529017,0.02427569630302116,101
96,2.8821250200271606,0.2388355350785586,0.002497076988220215,0.0008383474309748752,tanh,10,constant,lbfgs,"{'mlpclassifier__activation': 'tanh', 'mlpclassifier__alpha': 10, 'mlpclassifier__learning_rate': 'constant', 'mlpclassifier__solver': 'lbfgs'}",0.8767825311942958,0.8845811051693404,0.8538324420677361,0.856951871657754,0.8716577540106951,0.85650623885918,0.8865864527629234,0.8139483065953654,0.856729055258467,0.859270040304523,0.861684579788028,0.019727582982569807,65
97,3.149745750427246,0.06539587142692399,0.002331447601318359,0.0004659789337516107,tanh,10,constant,sgd,"{'mlpclassifier__activation': 'tanh', 'mlpclassifier__alpha': 10, 'mlpclassifier__learning_rate': 'constant', 'mlpclassifier__solver': 'sgd'}",0.8311051693404634,0.8413547237076648,0.785650623885918,0.7909982174688057,0.7629233511586453,0.7981283422459893,0.7905525846702317,0.767825311942959,0.7932263814616756,0.8134423048216152,0.7975207010703967,0.0237327513185249,142
98,0.5822286605834961,0.05495533571171969,0.002468299865722656,0.0005750584344906153,tanh,10,constant,adam,"{'mlpclassifier__activation': 'tanh', 'mlpclassifier__alpha': 10, 'mlpclassifier__learning_rate': 'constant', 'mlpclassifier__solver': 'adam'}",0.8235294117647058,0.8440285204991087,0.7883244206773619,0.7785204991087344,0.7555704099821747,0.7905525846702317,0.8057040998217468,0.7831996434937611,0.8059269162210339,0.8261307657859382,0.8001487272024796,0.02487084008253863,139
99,2.916745662689209,0.2931482294828881,0.0023722410202026366,0.000403833364649299,tanh,10,adaptive,lbfgs,"{'mlpclassifier__activation': 'tanh', 'mlpclassifier__alpha': 10, 'mlpclassifier__learning_rate': 'adaptive', 'mlpclassifier__solver': 'lbfgs'}",0.8767825311942958,0.8845811051693404,0.8538324420677361,0.856951871657754,0.8716577540106951,0.85650623885918,0.8865864527629234,0.8139483065953654,0.856729055258467,0.859270040304523,0.861684579788028,0.019727582982569807,65
100,3.6625991821289063,0.11307691411613931,0.0028085708618164062,0.0013076321960367497,tanh,10,adaptive,sgd,"{'mlpclassifier__activation': 'tanh', 'mlpclassifier__alpha': 10, 'mlpclassifier__learning_rate': 'adaptive', 'mlpclassifier__solver': 'sgd'}",0.8311051693404634,0.8413547237076648,0.785650623885918,0.7909982174688057,0.7629233511586453,0.7981283422459893,0.7905525846702317,0.767825311942959,0.7932263814616756,0.8134423048216152,0.7975207010703967,0.0237327513185249,142
101,0.6207816362380981,0.06974670372447747,0.0026183843612670897,0.0009061424043491933,tanh,10,adaptive,adam,"{'mlpclassifier__activation': 'tanh', 'mlpclassifier__alpha': 10, 'mlpclassifier__learning_rate': 'adaptive', 'mlpclassifier__solver': 'adam'}",0.8235294117647058,0.8440285204991087,0.7883244206773619,0.7785204991087344,0.7555704099821747,0.7905525846702317,0.8057040998217468,0.7831996434937611,0.8059269162210339,0.8261307657859382,0.8001487272024796,0.02487084008253863,139
102,0.8012832880020142,0.11213293288797344,0.0024566173553466795,0.0005962864659565149,tanh,100,constant,lbfgs,"{'mlpclassifier__activation': 'tanh', 'mlpclassifier__alpha': 100, 'mlpclassifier__learning_rate': 'constant', 'mlpclassifier__solver': 'lbfgs'}",0.841131907308378,0.8692067736185383,0.8083778966131907,0.7961229946524064,0.785873440285205,0.8083778966131907,0.7981283422459893,0.8057040998217468,0.8337789661319073,0.8212046574115539,0.8167906974702108,0.023756685727856258,133
103,0.6684317111968994,0.015880418984379686,0.002192187309265137,0.00020138293261239072,tanh,100,constant,sgd,"{'mlpclassifier__activation': 'tanh', 'mlpclassifier__alpha': 100, 'mlpclassifier__learning_rate': 'constant', 'mlpclassifier__solver': 'sgd'}",0.5,0.5,0.5,0.5,0.5,0.5,0.5,0.5,0.5,0.5,0.5,0.0,151
104,0.5584365844726562,0.02801221232702047,0.002594733238220215,0.0011115351514023332,tanh,100,constant,adam,"{'mlpclassifier__activation': 'tanh', 'mlpclassifier__alpha': 100, 'mlpclassifier__learning_rate': 'constant', 'mlpclassifier__solver': 'adam'}",0.5,0.5,0.5,0.5,0.5,0.5,0.5,0.5,0.5,0.5,0.5,0.0,151
105,0.7726118803024292,0.12115140568492505,0.002342033386230469,0.000577855930079109,tanh,100,adaptive,lbfgs,"{'mlpclassifier__activation': 'tanh', 'mlpclassifier__alpha': 100, 'mlpclassifier__learning_rate': 'adaptive', 'mlpclassifier__solver': 'lbfgs'}",0.841131907308378,0.8692067736185383,0.8083778966131907,0.7961229946524064,0.785873440285205,0.8083778966131907,0.7981283422459893,0.8057040998217468,0.8337789661319073,0.8212046574115539,0.8167906974702108,0.023756685727856258,133
106,1.1465424060821534,0.05774161077626381,0.002964425086975098,0.0022181773627256303,tanh,100,adaptive,sgd,"{'mlpclassifier__activation': 'tanh', 'mlpclassifier__alpha': 100, 'mlpclassifier__learning_rate': 'adaptive', 'mlpclassifier__solver': 'sgd'}",0.5,0.5,0.5,0.5,0.5,0.5,0.5,0.5,0.5,0.5,0.5,0.0,151
107,0.5558338165283203,0.026992616569356816,0.0028078556060791016,0.0013906111357241309,tanh,100,adaptive,adam,"{'mlpclassifier__activation': 'tanh', 'mlpclassifier__alpha': 100, 'mlpclassifier__learning_rate': 'adaptive', 'mlpclassifier__solver': 'adam'}",0.5,0.5,0.5,0.5,0.5,0.5,0.5,0.5,0.5,0.5,0.5,0.0,151
108,0.4870704412460327,0.09260680141759098,0.002098488807678223,0.00030057331170370874,relu,1e-06,constant,lbfgs,"{'mlpclassifier__activation': 'relu', 'mlpclassifier__alpha': 1e-06, 'mlpclassifier__learning_rate': 'constant', 'mlpclassifier__solver': 'lbfgs'}",0.8518270944741533,0.8598484848484849,0.8547237076648841,0.9126559714795008,0.8520499108734403,0.839349376114082,0.8972816399286987,0.8346702317290553,0.8516042780748663,0.8193013882669056,0.8573312083454072,0.026540762253467867,95
109,9.214145350456239,0.5772549147658471,0.00303952693939209,0.0023212571980454045,relu,1e-06,constant,sgd,"{'mlpclassifier__activation': 'relu', 'mlpclassifier__alpha': 1e-06, 'mlpclassifier__learning_rate': 'constant', 'mlpclassifier__solver': 'sgd'}",0.8868092691622103,0.8696524064171123,0.8790106951871658,0.8718805704099821,0.8616310160427807,0.8540552584670231,0.8790106951871658,0.804144385026738,0.8689839572192513,0.8166517390655321,0.8591829992184963,0.02605153561457638,86
110,2.6562342405319215,0.31252460062990006,0.0028341531753540037,0.0016935521397901468,relu,1e-06,constant,adam,"{'mlpclassifier__activation': 'relu', 'mlpclassifier__alpha': 1e-06, 'mlpclassifier__learning_rate': 'constant', 'mlpclassifier__solver': 'adam'}",0.8667557932263814,0.8674242424242424,0.8667557932263814,0.8995098039215687,0.8694295900178253,0.838903743315508,0.891711229946524,0.8293226381461676,0.8665329768270944,0.8215778474399165,0.8617923658491609,0.023822076221366183,63
111,0.4801292896270752,0.07988542491150377,0.0020904779434204102,0.00026394768287801347,relu,1e-06,adaptive,lbfgs,"{'mlpclassifier__activation': 'relu', 'mlpclassifier__alpha': 1e-06, 'mlpclassifier__learning_rate': 'adaptive', 'mlpclassifier__solver': 'lbfgs'}",0.8518270944741533,0.8598484848484849,0.8547237076648841,0.9126559714795008,0.8520499108734403,0.839349376114082,0.8972816399286987,0.8346702317290553,0.8516042780748663,0.8193013882669056,0.8573312083454072,0.026540762253467867,95
112,9.685414934158326,0.5508420692856157,0.001976490020751953,7.094953959908047e-05,relu,1e-06,adaptive,sgd,"{'mlpclassifier__activation': 'relu', 'mlpclassifier__alpha': 1e-06, 'mlpclassifier__learning_rate': 'adaptive', 'mlpclassifier__solver': 'sgd'}",0.8868092691622103,0.8696524064171123,0.8865864527629234,0.8718805704099821,0.8616310160427807,0.8540552584670231,0.8790106951871658,0.804144385026738,0.8689839572192513,0.8166517390655321,0.8599405749760718,0.02671871555151245,74
113,2.6305867195129395,0.2822951073103791,0.002817511558532715,0.0014787035546683014,relu,1e-06,adaptive,adam,"{'mlpclassifier__activation': 'relu', 'mlpclassifier__alpha': 1e-06, 'mlpclassifier__learning_rate': 'adaptive', 'mlpclassifier__solver': 'adam'}",0.8667557932263814,0.8674242424242424,0.8667557932263814,0.8995098039215687,0.8694295900178253,0.838903743315508,0.891711229946524,0.8293226381461676,0.8665329768270944,0.8215778474399165,0.8617923658491609,0.023822076221366183,63
114,0.5843487739562988,0.21656274313963073,0.0025855302810668945,0.0008791004898137362,relu,1e-05,constant,lbfgs,"{'mlpclassifier__activation': 'relu', 'mlpclassifier__alpha': 1e-05, 'mlpclassifier__learning_rate': 'constant', 'mlpclassifier__solver': 'lbfgs'}",0.8518270944741533,0.8723262032085561,0.8723262032085561,0.9126559714795008,0.8520499108734403,0.8368983957219251,0.8972816399286987,0.8346702317290553,0.8440285204991087,0.824414091655471,0.8598478262778466,0.027005439496092336,78
115,9.191629791259766,0.5901114921196824,0.0027857303619384767,0.001678446154575861,relu,1e-05,constant,sgd,"{'mlpclassifier__activation': 'relu', 'mlpclassifier__alpha': 1e-05, 'mlpclassifier__learning_rate': 'constant', 'mlpclassifier__solver': 'sgd'}",0.8868092691622103,0.8696524064171123,0.8790106951871658,0.8718805704099821,0.8616310160427807,0.8540552584670231,0.8790106951871658,0.804144385026738,0.8689839572192513,0.8166517390655321,0.8591829992184963,0.02605153561457638,86
116,2.4669261455535887,0.15574378672729972,0.0038686275482177736,0.0022325655039711657,relu,1e-05,constant,adam,"{'mlpclassifier__activation': 'relu', 'mlpclassifier__alpha': 1e-05, 'mlpclassifier__learning_rate': 'constant', 'mlpclassifier__solver': 'adam'}",0.8643048128342246,0.8845811051693404,0.8692067736185383,0.8995098039215687,0.8669786096256684,0.8616310160427807,0.8968360071301248,0.8293226381461676,0.8665329768270944,0.8215778474399165,0.8660481590755424,0.024022997107046352,39
117,0.5945815086364746,0.20900492042706756,0.002400779724121094,0.0008000704746198871,relu,1e-05,adaptive,lbfgs,"{'mlpclassifier__activation': 'relu', 'mlpclassifier__alpha': 1e-05, 'mlpclassifier__learning_rate': 'adaptive', 'mlpclassifier__solver': 'lbfgs'}",0.8518270944741533,0.8723262032085561,0.8723262032085561,0.9126559714795008,0.8520499108734403,0.8368983957219251,0.8972816399286987,0.8346702317290553,0.8440285204991087,0.824414091655471,0.8598478262778466,0.027005439496092336,78
118,9.61258237361908,0.5488088712433478,0.0023800134658813477,0.0009107504105914477,relu,1e-05,adaptive,sgd,"{'mlpclassifier__activation': 'relu', 'mlpclassifier__alpha': 1e-05, 'mlpclassifier__learning_rate': 'adaptive', 'mlpclassifier__solver': 'sgd'}",0.8868092691622103,0.8696524064171123,0.8865864527629234,0.8718805704099821,0.8616310160427807,0.8540552584670231,0.8790106951871658,0.804144385026738,0.8689839572192513,0.8166517390655321,0.8599405749760718,0.02671871555151245,74
119,2.413721442222595,0.17461830627546165,0.0023646831512451174,0.001112367741158764,relu,1e-05,adaptive,adam,"{'mlpclassifier__activation': 'relu', 'mlpclassifier__alpha': 1e-05, 'mlpclassifier__learning_rate': 'adaptive', 'mlpclassifier__solver': 'adam'}",0.8643048128342246,0.8845811051693404,0.8692067736185383,0.8995098039215687,0.8669786096256684,0.8616310160427807,0.8968360071301248,0.8293226381461676,0.8665329768270944,0.8215778474399165,0.8660481590755424,0.024022997107046352,39
120,0.46304781436920167,0.09944735750658824,0.002046537399291992,0.00017239106910581754,relu,0.0001,constant,lbfgs,"{'mlpclassifier__activation': 'relu', 'mlpclassifier__alpha': 0.0001, 'mlpclassifier__learning_rate': 'constant', 'mlpclassifier__solver': 'lbfgs'}",0.8594028520499108,0.8598484848484849,0.8547237076648841,0.9151069518716577,0.8444741532976827,0.8344474153297683,0.8972816399286987,0.8346702317290553,0.8540552584670231,0.8268771458426631,0.858088784102983,0.026620359202806313,92
121,9.171166801452637,0.5231168854102833,0.002820324897766113,0.0017856468346404803,relu,0.0001,constant,sgd,"{'mlpclassifier__activation': 'relu', 'mlpclassifier__alpha': 0.0001, 'mlpclassifier__learning_rate': 'constant', 'mlpclassifier__solver': 'sgd'}",0.8868092691622103,0.8696524064171123,0.8790106951871658,0.8718805704099821,0.8616310160427807,0.8540552584670231,0.8790106951871658,0.804144385026738,0.8689839572192513,0.8166517390655321,0.8591829992184963,0.02605153561457638,86
122,2.459606957435608,0.13683862913208544,0.0022258520126342773,0.0004060816104894551,relu,0.0001,constant,adam,"{'mlpclassifier__activation': 'relu', 'mlpclassifier__alpha': 0.0001, 'mlpclassifier__learning_rate': 'constant', 'mlpclassifier__solver': 'adam'}",0.8819073083778965,0.8821301247771836,0.8692067736185383,0.8919340463458111,0.8618538324420677,0.8616310160427807,0.8992869875222816,0.8268716577540107,0.8640819964349375,0.8215778474399165,0.8660481590755424,0.024183453343785064,39
123,0.47262117862701414,0.08938951932034485,0.002513575553894043,0.001132087099653217,relu,0.0001,adaptive,lbfgs,"{'mlpclassifier__activation': 'relu', 'mlpclassifier__alpha': 0.0001, 'mlpclassifier__learning_rate': 'adaptive', 'mlpclassifier__solver': 'lbfgs'}",0.8594028520499108,0.8598484848484849,0.8547237076648841,0.9151069518716577,0.8444741532976827,0.8344474153297683,0.8972816399286987,0.8346702317290553,0.8540552584670231,0.8268771458426631,0.858088784102983,0.026620359202806313,92
124,9.582881331443787,0.6091367366248807,0.0021975040435791016,0.0003084233828530189,relu,0.0001,adaptive,sgd,"{'mlpclassifier__activation': 'relu', 'mlpclassifier__alpha': 0.0001, 'mlpclassifier__learning_rate': 'adaptive', 'mlpclassifier__solver': 'sgd'}",0.8868092691622103,0.8696524064171123,0.8865864527629234,0.8718805704099821,0.8616310160427807,0.8540552584670231,0.8790106951871658,0.804144385026738,0.8689839572192513,0.8166517390655321,0.8599405749760718,0.02671871555151245,74
125,2.4733770847320558,0.16922043801596856,0.003199481964111328,0.002518865977852615,relu,0.0001,adaptive,adam,"{'mlpclassifier__activation': 'relu', 'mlpclassifier__alpha': 0.0001, 'mlpclassifier__learning_rate': 'adaptive', 'mlpclassifier__solver': 'adam'}",0.8819073083778965,0.8821301247771836,0.8692067736185383,0.8919340463458111,0.8618538324420677,0.8616310160427807,0.8992869875222816,0.8268716577540107,0.8640819964349375,0.8215778474399165,0.8660481590755424,0.024183453343785064,39
126,0.4176631927490234,0.04308825071574054,0.00278017520904541,0.001794606933810734,relu,0.001,constant,lbfgs,"{'mlpclassifier__activation': 'relu', 'mlpclassifier__alpha': 0.001, 'mlpclassifier__learning_rate': 'constant', 'mlpclassifier__solver': 'lbfgs'}",0.8643048128342246,0.857397504456328,0.8520499108734403,0.9050802139037433,0.8344474153297683,0.8342245989304813,0.9021836007130125,0.8446969696969697,0.8464795008912656,0.8217644424540976,0.8562628970083331,0.026375710716123484,97
127,9.210195708274842,0.573402022107826,0.002133297920227051,0.00031020302323921095,relu,0.001,constant,sgd,"{'mlpclassifier__activation': 'relu', 'mlpclassifier__alpha': 0.001, 'mlpclassifier__learning_rate': 'constant', 'mlpclassifier__solver': 'sgd'}",0.8868092691622103,0.8721033868092691,0.8790106951871658,0.8718805704099821,0.8616310160427807,0.8540552584670231,0.8790106951871658,0.804144385026738,0.8689839572192513,0.8166517390655321,0.8594280972577119,0.02616018401443787,82
128,2.6028753519058228,0.2813676621328932,0.0026296138763427734,0.0008171343596069225,relu,0.001,constant,adam,"{'mlpclassifier__activation': 'relu', 'mlpclassifier__alpha': 0.001, 'mlpclassifier__learning_rate': 'constant', 'mlpclassifier__solver': 'adam'}",0.8667557932263814,0.874777183600713,0.8692067736185383,0.8995098039215687,0.8718805704099821,0.8616310160427807,0.9044117647058824,0.8293226381461676,0.8665329768270944,0.8240409016271085,0.8668069422126216,0.02416505875024003,35
129,0.4226747989654541,0.02852875455777588,0.0025812625885009766,0.0017580558881855211,relu,0.001,adaptive,lbfgs,"{'mlpclassifier__activation': 'relu', 'mlpclassifier__alpha': 0.001, 'mlpclassifier__learning_rate': 'adaptive', 'mlpclassifier__solver': 'lbfgs'}",0.8643048128342246,0.857397504456328,0.8520499108734403,0.9050802139037433,0.8344474153297683,0.8342245989304813,0.9021836007130125,0.8446969696969697,0.8464795008912656,0.8217644424540976,0.8562628970083331,0.026375710716123484,97
130,9.763983392715454,0.7068666453330927,0.0036141395568847655,0.00179489510293878,relu,0.001,adaptive,sgd,"{'mlpclassifier__activation': 'relu', 'mlpclassifier__alpha': 0.001, 'mlpclassifier__learning_rate': 'adaptive', 'mlpclassifier__solver': 'sgd'}",0.8868092691622103,0.8696524064171123,0.8865864527629234,0.8718805704099821,0.8616310160427807,0.8540552584670231,0.8790106951871658,0.804144385026738,0.8689839572192513,0.8166517390655321,0.8599405749760718,0.02671871555151245,74
131,2.6439486503601075,0.2846450662526442,0.002336716651916504,0.001167241640617255,relu,0.001,adaptive,adam,"{'mlpclassifier__activation': 'relu', 'mlpclassifier__alpha': 0.001, 'mlpclassifier__learning_rate': 'adaptive', 'mlpclassifier__solver': 'adam'}",0.8667557932263814,0.874777183600713,0.8692067736185383,0.8995098039215687,0.8718805704099821,0.8616310160427807,0.9044117647058824,0.8293226381461676,0.8665329768270944,0.8240409016271085,0.8668069422126216,0.02416505875024003,35
132,0.7916925430297852,0.16526834246972086,0.0022523880004882814,0.0004719484758713509,relu,0.01,constant,lbfgs,"{'mlpclassifier__activation': 'relu', 'mlpclassifier__alpha': 0.01, 'mlpclassifier__learning_rate': 'constant', 'mlpclassifier__solver': 'lbfgs'}",0.8545008912655971,0.8625222816399287,0.8622994652406417,0.9075311942959001,0.8542780748663101,0.839126559714795,0.9021836007130125,0.8319964349376114,0.8493761140819964,0.829153605015674,0.8592968221771468,0.0252836375548448,84
133,9.110496473312377,0.6785732518538828,0.002029109001159668,0.0002511035759886359,relu,0.01,constant,sgd,"{'mlpclassifier__activation': 'relu', 'mlpclassifier__alpha': 0.01, 'mlpclassifier__learning_rate': 'constant', 'mlpclassifier__solver': 'sgd'}",0.8868092691622103,0.8721033868092691,0.8790106951871658,0.8667557932263814,0.8616310160427807,0.8540552584670231,0.8790106951871658,0.804144385026738,0.8689839572192513,0.8166517390655321,0.8589156195393517,0.025960656738949414,89
134,2.2721155643463136,0.07539637327995032,0.005003166198730469,0.006003805662971248,relu,0.01,constant,adam,"{'mlpclassifier__activation': 'relu', 'mlpclassifier__alpha': 0.01, 'mlpclassifier__learning_rate': 'constant', 'mlpclassifier__solver': 'adam'}",0.8667557932263814,0.8821301247771836,0.874108734402852,0.8870320855614974,0.8643048128342246,0.8616310160427807,0.8968360071301248,0.8344474153297683,0.8665329768270944,0.8240409016271085,0.8657819867759015,0.021207578041263407,45
135,0.7883096694946289,0.14007357532561182,0.0026714324951171873,0.0018817894923475551,relu,0.01,adaptive,lbfgs,"{'mlpclassifier__activation': 'relu', 'mlpclassifier__alpha': 0.01, 'mlpclassifier__learning_rate': 'adaptive', 'mlpclassifier__solver': 'lbfgs'}",0.8545008912655971,0.8625222816399287,0.8622994652406417,0.9075311942959001,0.8542780748663101,0.839126559714795,0.9021836007130125,0.8319964349376114,0.8493761140819964,0.829153605015674,0.8592968221771468,0.0252836375548448,84
136,9.296475148200988,0.7457515176078338,0.0019329071044921875,2.2828451335540338e-05,relu,0.01,adaptive,sgd,"{'mlpclassifier__activation': 'relu', 'mlpclassifier__alpha': 0.01, 'mlpclassifier__learning_rate': 'adaptive', 'mlpclassifier__solver': 'sgd'}",0.8868092691622103,0.8696524064171123,0.8865864527629234,0.8667557932263814,0.8616310160427807,0.8540552584670231,0.8790106951871658,0.804144385026738,0.8689839572192513,0.8166517390655321,0.8594280972577119,0.026533290376328622,82
137,2.5423452377319338,0.18468154445016713,0.002974987030029297,0.0013315648358072916,relu,0.01,adaptive,adam,"{'mlpclassifier__activation': 'relu', 'mlpclassifier__alpha': 0.01, 'mlpclassifier__learning_rate': 'adaptive', 'mlpclassifier__solver': 'adam'}",0.8667557932263814,0.8821301247771836,0.874108734402852,0.8870320855614974,0.8643048128342246,0.8616310160427807,0.8968360071301248,0.8344474153297683,0.8665329768270944,0.8240409016271085,0.8657819867759015,0.021207578041263407,45
138,1.6616878509521484,0.2535991908020137,0.0030456304550170897,0.0020187776665561603,relu,0.1,constant,lbfgs,"{'mlpclassifier__activation': 'relu', 'mlpclassifier__alpha': 0.1, 'mlpclassifier__learning_rate': 'constant', 'mlpclassifier__solver': 'lbfgs'}",0.8516042780748663,0.8696524064171123,0.8770053475935828,0.9097593582887701,0.8669786096256684,0.8516042780748663,0.891711229946524,0.8322192513368984,0.8594028520499108,0.8240409016271085,0.8633978513035308,0.024501741421756023,49
139,8.341649699211121,0.5706387498934515,0.0020983219146728516,0.0002750047056017202,relu,0.1,constant,sgd,"{'mlpclassifier__activation': 'relu', 'mlpclassifier__alpha': 0.1, 'mlpclassifier__learning_rate': 'constant', 'mlpclassifier__solver': 'sgd'}",0.8816844919786095,0.8696524064171123,0.8865864527629234,0.8667557932263814,0.8540552584670231,0.8540552584670231,0.8790106951871658,0.8090463458110517,0.8689839572192513,0.8090759814897746,0.8578906641026316,0.02640776748308379,94
140,2.321208119392395,0.1824103279112664,0.0020664691925048827,0.0002695211514126533,relu,0.1,constant,adam,"{'mlpclassifier__activation': 'relu', 'mlpclassifier__alpha': 0.1, 'mlpclassifier__learning_rate': 'constant', 'mlpclassifier__solver': 'adam'}",0.8792335115864527,0.8821301247771836,0.8767825311942958,0.8843582887700534,0.8643048128342246,0.8767825311942958,0.891711229946524,0.8344474153297683,0.874331550802139,0.8215778474399165,0.8685659843874853,0.021543596963011623,25
141,1.3821616888046264,0.20073564490228413,0.0023065805435180664,0.0007469843967196425,relu,0.1,adaptive,lbfgs,"{'mlpclassifier__activation': 'relu', 'mlpclassifier__alpha': 0.1, 'mlpclassifier__learning_rate': 'adaptive', 'mlpclassifier__solver': 'lbfgs'}",0.8516042780748663,0.8696524064171123,0.8770053475935828,0.9097593582887701,0.8669786096256684,0.8516042780748663,0.891711229946524,0.8322192513368984,0.8594028520499108,0.8240409016271085,0.8633978513035308,0.024501741421756023,49
142,8.232349181175232,0.4508556908845157,0.0024384498596191407,0.0014218168723423004,relu,0.1,adaptive,sgd,"{'mlpclassifier__activation': 'relu', 'mlpclassifier__alpha': 0.1, 'mlpclassifier__learning_rate': 'adaptive', 'mlpclassifier__solver': 'sgd'}",0.8816844919786095,0.874554367201426,0.8790106951871658,0.8667557932263814,0.8616310160427807,0.8540552584670231,0.8790106951871658,0.8090463458110517,0.8689839572192513,0.8090759814897746,0.858380860181063,0.025947112852045186,90
143,2.284678912162781,0.1233875245699335,0.0023702383041381836,0.0007628681794044634,relu,0.1,adaptive,adam,"{'mlpclassifier__activation': 'relu', 'mlpclassifier__alpha': 0.1, 'mlpclassifier__learning_rate': 'adaptive', 'mlpclassifier__solver': 'adam'}",0.8792335115864527,0.8821301247771836,0.8767825311942958,0.8843582887700534,0.8643048128342246,0.8767825311942958,0.891711229946524,0.8344474153297683,0.874331550802139,0.8215778474399165,0.8685659843874853,0.021543596963011623,25
144,11.557236766815185,2.2080469362880084,0.0019851446151733397,5.759020889024438e-05,relu,1,constant,lbfgs,"{'mlpclassifier__activation': 'relu', 'mlpclassifier__alpha': 1, 'mlpclassifier__learning_rate': 'constant', 'mlpclassifier__solver': 'lbfgs'}",0.8665329768270944,0.8946078431372549,0.8868092691622103,0.9122103386809269,0.85650623885918,0.8540552584670231,0.8841354723707664,0.8415775401069518,0.8540552584670231,0.829153605015674,0.8679643801094106,0.02450922249899075,29
145,8.662941455841064,0.40830605559171274,0.002285933494567871,0.0009746174541996462,relu,1,constant,sgd,"{'mlpclassifier__activation': 'relu', 'mlpclassifier__alpha': 1, 'mlpclassifier__learning_rate': 'constant', 'mlpclassifier__solver': 'sgd'}",0.8765597147950088,0.8995098039215687,0.8562834224598931,0.8516042780748663,0.8362299465240641,0.8235294117647058,0.8790106951871658,0.8112745098039216,0.8589572192513368,0.8365427675772503,0.8529501769359783,0.025699373771315637,104
146,1.1719027042388916,0.26492082971758846,0.002519989013671875,0.0015946263103257577,relu,1,constant,adam,"{'mlpclassifier__activation': 'relu', 'mlpclassifier__alpha': 1, 'mlpclassifier__learning_rate': 'constant', 'mlpclassifier__solver': 'adam'}",0.8765597147950088,0.8943850267379679,0.8636363636363636,0.8868092691622103,0.8262032085561497,0.838680926916221,0.8587344028520499,0.8186274509803921,0.8562834224598931,0.841842065979997,0.8561761852076254,0.023865954264945005,99
147,11.476670742034912,2.2119415795832724,0.002643871307373047,0.001984114627424393,relu,1,adaptive,lbfgs,"{'mlpclassifier__activation': 'relu', 'mlpclassifier__alpha': 1, 'mlpclassifier__learning_rate': 'adaptive', 'mlpclassifier__solver': 'lbfgs'}",0.8665329768270944,0.8946078431372549,0.8868092691622103,0.9122103386809269,0.85650623885918,0.8540552584670231,0.8841354723707664,0.8415775401069518,0.8540552584670231,0.829153605015674,0.8679643801094106,0.02450922249899075,29
148,9.03950102329254,0.3861645008053848,0.0023888587951660157,0.0012444972717888512,relu,1,adaptive,sgd,"{'mlpclassifier__activation': 'relu', 'mlpclassifier__alpha': 1, 'mlpclassifier__learning_rate': 'adaptive', 'mlpclassifier__solver': 'sgd'}",0.8765597147950088,0.8919340463458111,0.8562834224598931,0.8516042780748663,0.8413547237076648,0.821078431372549,0.8790106951871658,0.8112745098039216,0.8513814616755793,0.8365427675772503,0.8517024050999711,0.024315516586503227,106
149,1.175762987136841,0.23916014060255855,0.0019834756851196287,4.985150051564317e-05,relu,1,adaptive,adam,"{'mlpclassifier__activation': 'relu', 'mlpclassifier__alpha': 1, 'mlpclassifier__learning_rate': 'adaptive', 'mlpclassifier__solver': 'adam'}",0.8765597147950088,0.8943850267379679,0.8636363636363636,0.8868092691622103,0.8262032085561497,0.838680926916221,0.8587344028520499,0.8186274509803921,0.8562834224598931,0.841842065979997,0.8561761852076254,0.023865954264945005,99
150,12.877468132972718,0.09730720695224787,0.002022266387939453,0.00013069583732061904,relu,10,constant,lbfgs,"{'mlpclassifier__activation': 'relu', 'mlpclassifier__alpha': 10, 'mlpclassifier__learning_rate': 'constant', 'mlpclassifier__solver': 'lbfgs'}",0.8692067736185383,0.8821301247771836,0.8687611408199644,0.8868092691622103,0.8540552584670231,0.8489304812834224,0.8890374331550802,0.8315508021390374,0.85650623885918,0.8416554709658157,0.8628642993247455,0.018566343717738496,55
151,3.0903434991836547,0.10111746030443958,0.0023662090301513673,0.0011378506552537034,relu,10,constant,sgd,"{'mlpclassifier__activation': 'relu', 'mlpclassifier__alpha': 10, 'mlpclassifier__learning_rate': 'constant', 'mlpclassifier__solver': 'sgd'}",0.8259803921568627,0.8362299465240641,0.7881016042780749,0.7909982174688057,0.7453208556149733,0.7981283422459893,0.8057040998217468,0.7729500891265597,0.7956773618538324,0.8134423048216152,0.7972533213912525,0.024681325741098326,144
152,0.6411236524581909,0.06090809148335981,0.0029180288314819337,0.0016974508184595257,relu,10,constant,adam,"{'mlpclassifier__activation': 'relu', 'mlpclassifier__alpha': 10, 'mlpclassifier__learning_rate': 'constant', 'mlpclassifier__solver': 'adam'}",0.8335561497326203,0.8413547237076648,0.8008021390374331,0.7834224598930482,0.7553475935828877,0.8057040998217468,0.7905525846702317,0.7729500891265597,0.7956773618538324,0.8287804149873116,0.8008147616413336,0.026075603983801814,137
153,13.003534030914306,0.05686420291337553,0.002084946632385254,0.00032208358359297757,relu,10,adaptive,lbfgs,"{'mlpclassifier__activation': 'relu', 'mlpclassifier__alpha': 10, 'mlpclassifier__learning_rate': 'adaptive', 'mlpclassifier__solver': 'lbfgs'}",0.8692067736185383,0.8821301247771836,0.8687611408199644,0.8868092691622103,0.8540552584670231,0.8489304812834224,0.8890374331550802,0.8315508021390374,0.85650623885918,0.8416554709658157,0.8628642993247455,0.018566343717738496,55
154,3.5284081220626833,0.09058143869959052,0.001960134506225586,3.159728966104869e-05,relu,10,adaptive,sgd,"{'mlpclassifier__activation': 'relu', 'mlpclassifier__alpha': 10, 'mlpclassifier__learning_rate': 'adaptive', 'mlpclassifier__solver': 'sgd'}",0.8259803921568627,0.8337789661319073,0.80325311942959,0.7909982174688057,0.7477718360071302,0.7981283422459893,0.8057040998217468,0.7729500891265597,0.7881016042780749,0.8134423048216152,0.7980108971488282,0.023844988849496485,141
155,0.6057127475738525,0.061949740497786725,0.0025618791580200194,0.0014319808567959547,relu,10,adaptive,adam,"{'mlpclassifier__activation': 'relu', 'mlpclassifier__alpha': 10, 'mlpclassifier__learning_rate': 'adaptive', 'mlpclassifier__solver': 'adam'}",0.8335561497326203,0.8413547237076648,0.8008021390374331,0.7834224598930482,0.7553475935828877,0.8057040998217468,0.7905525846702317,0.7729500891265597,0.7956773618538324,0.8287804149873116,0.8008147616413336,0.026075603983801814,137
156,6.322670483589173,2.1814422843192243,0.002255821228027344,0.000624985719242079,relu,100,constant,lbfgs,"{'mlpclassifier__activation': 'relu', 'mlpclassifier__alpha': 100, 'mlpclassifier__learning_rate': 'constant', 'mlpclassifier__solver': 'lbfgs'}",0.8360071301247771,0.8767825311942958,0.8108288770053476,0.7936720142602496,0.7907754010695187,0.8159536541889483,0.820855614973262,0.8132798573975044,0.821078431372549,0.8388192267502612,0.8218052738336714,0.023445330149021962,127
157,0.6223785400390625,0.04685685084516553,0.0025144100189208986,0.0012951244780072012,relu,100,constant,sgd,"{'mlpclassifier__activation': 'relu', 'mlpclassifier__alpha': 100, 'mlpclassifier__learning_rate': 'constant', 'mlpclassifier__solver': 'sgd'}",0.5,0.5,0.5,0.5,0.5,0.5,0.5,0.5,0.5,0.5,0.5,0.0,151
158,0.49562959671020507,0.0380797634427822,0.0024485349655151366,0.0008853763253976287,relu,100,constant,adam,"{'mlpclassifier__activation': 'relu', 'mlpclassifier__alpha': 100, 'mlpclassifier__learning_rate': 'constant', 'mlpclassifier__solver': 'adam'}",0.5,0.5,0.5,0.5,0.5,0.5,0.5,0.5,0.5,0.5,0.5,0.0,151
159,5.890809226036072,1.827841724175233,0.0019395589828491212,0.00017928669581194101,relu,100,adaptive,lbfgs,"{'mlpclassifier__activation': 'relu', 'mlpclassifier__alpha': 100, 'mlpclassifier__learning_rate': 'adaptive', 'mlpclassifier__solver': 'lbfgs'}",0.8360071301247771,0.8767825311942958,0.8108288770053476,0.7936720142602496,0.7907754010695187,0.8159536541889483,0.820855614973262,0.8132798573975044,0.821078431372549,0.8388192267502612,0.8218052738336714,0.023445330149021962,127
160,0.9984626770019531,0.019476637965354527,0.002007937431335449,8.493000222250582e-05,relu,100,adaptive,sgd,"{'mlpclassifier__activation': 'relu', 'mlpclassifier__alpha': 100, 'mlpclassifier__learning_rate': 'adaptive', 'mlpclassifier__solver': 'sgd'}",0.5,0.5,0.5,0.5,0.5,0.5,0.5,0.5,0.5,0.5,0.5,0.0,151
161,0.4689479827880859,0.05777599470136772,0.002635359764099121,0.001668155334529693,relu,100,adaptive,adam,"{'mlpclassifier__activation': 'relu', 'mlpclassifier__alpha': 100, 'mlpclassifier__learning_rate': 'adaptive', 'mlpclassifier__solver': 'adam'}",0.5,0.5,0.5,0.5,0.5,0.5,0.5,0.5,0.5,0.5,0.5,0.0,151
